{"tick":13,"teams":[{"rank":1,"id":2,"name":"team1","services":[{"status":4,"offense":0.0,"defense":0.0,"sla":12.990381056766578}],"offense":0.0,"defense":0.0,"sla":12.990381056766578,"total":12.990381056766578},{"rank":2,"id":3,"name":"team2","services":[{"status":4,"offense":0.0,"defense":0.0,"sla":12.990381056766578}],"offense":0.0,"defense":0.0,"sla":12.990381056766578,"total":12.990381056766578},{"rank":3,"id":4,"name":"team3","services":[{"status":4,"offense":0.0,"defense":0.0,"sla":12.990381056766578}],"offense":0.0,"defense":0.0,"sla":12.990381056766578,"total":12.990381056766578}],"status-descriptions":{"0":"up","1":"down","2":"faulty","3":"flag not found","4":"recovering","5":"timeout","-1":"not checked"}}
